instruction,input,output
Answer this medical question,Medical question 0,This is the medical answer for question 0.
Answer this medical question,Medical question 1,This is the medical answer for question 1.
Answer this medical question,Medical question 2,This is the medical answer for question 2.
Answer this medical question,Medical question 3,This is the medical answer for question 3.
Answer this medical question,Medical question 4,This is the medical answer for question 4.
Answer this medical question,Medical question 5,This is the medical answer for question 5.
Answer this medical question,Medical question 6,This is the medical answer for question 6.
Answer this medical question,Medical question 7,This is the medical answer for question 7.
Answer this medical question,Medical question 8,This is the medical answer for question 8.
Answer this medical question,Medical question 9,This is the medical answer for question 9.
Answer this medical question,Medical question 10,This is the medical answer for question 10.
Answer this medical question,Medical question 11,This is the medical answer for question 11.
Answer this medical question,Medical question 12,This is the medical answer for question 12.
Answer this medical question,Medical question 13,This is the medical answer for question 13.
Answer this medical question,Medical question 14,This is the medical answer for question 14.
Answer this medical question,Medical question 15,This is the medical answer for question 15.
Answer this medical question,Medical question 16,This is the medical answer for question 16.
Answer this medical question,Medical question 17,This is the medical answer for question 17.
Answer this medical question,Medical question 18,This is the medical answer for question 18.
Answer this medical question,Medical question 19,This is the medical answer for question 19.
Answer this medical question,Medical question 20,This is the medical answer for question 20.
Answer this medical question,Medical question 21,This is the medical answer for question 21.
Answer this medical question,Medical question 22,This is the medical answer for question 22.
Answer this medical question,Medical question 23,This is the medical answer for question 23.
Answer this medical question,Medical question 24,This is the medical answer for question 24.
Answer this medical question,Medical question 25,This is the medical answer for question 25.
Answer this medical question,Medical question 26,This is the medical answer for question 26.
Answer this medical question,Medical question 27,This is the medical answer for question 27.
Answer this medical question,Medical question 28,This is the medical answer for question 28.
Answer this medical question,Medical question 29,This is the medical answer for question 29.
Answer this medical question,Medical question 30,This is the medical answer for question 30.
Answer this medical question,Medical question 31,This is the medical answer for question 31.
Answer this medical question,Medical question 32,This is the medical answer for question 32.
Answer this medical question,Medical question 33,This is the medical answer for question 33.
Answer this medical question,Medical question 34,This is the medical answer for question 34.
Answer this medical question,Medical question 35,This is the medical answer for question 35.
Answer this medical question,Medical question 36,This is the medical answer for question 36.
Answer this medical question,Medical question 37,This is the medical answer for question 37.
Answer this medical question,Medical question 38,This is the medical answer for question 38.
Answer this medical question,Medical question 39,This is the medical answer for question 39.
Answer this medical question,Medical question 40,This is the medical answer for question 40.
Answer this medical question,Medical question 41,This is the medical answer for question 41.
Answer this medical question,Medical question 42,This is the medical answer for question 42.
Answer this medical question,Medical question 43,This is the medical answer for question 43.
Answer this medical question,Medical question 44,This is the medical answer for question 44.
Answer this medical question,Medical question 45,This is the medical answer for question 45.
Answer this medical question,Medical question 46,This is the medical answer for question 46.
Answer this medical question,Medical question 47,This is the medical answer for question 47.
Answer this medical question,Medical question 48,This is the medical answer for question 48.
Answer this medical question,Medical question 49,This is the medical answer for question 49.
Answer this medical question,Medical question 50,This is the medical answer for question 50.
Answer this medical question,Medical question 51,This is the medical answer for question 51.
Answer this medical question,Medical question 52,This is the medical answer for question 52.
Answer this medical question,Medical question 53,This is the medical answer for question 53.
Answer this medical question,Medical question 54,This is the medical answer for question 54.
Answer this medical question,Medical question 55,This is the medical answer for question 55.
Answer this medical question,Medical question 56,This is the medical answer for question 56.
Answer this medical question,Medical question 57,This is the medical answer for question 57.
Answer this medical question,Medical question 58,This is the medical answer for question 58.
Answer this medical question,Medical question 59,This is the medical answer for question 59.
